species,tmax,tmin,tmax_metric,tmin_metric,lat,longitude,hemisphere,altitude,phylum,class,order,family,genus,sim_altitude,Ref.
Celatoblatta_quinquemaculata,NA,-8.9,0,leth,-45.47,170.05,S,1250,Arthropoda,Insecta,Blattodea,Blattidae,Celatoblatta,944,Sinclair_1997
Onychiurus_vontoernei,NA,-4.9,0,crit,47,10.5,N,2700,Arthropoda,Insecta,Colembola,Onychiuridae,Onychiurus,2106,Somme_2008
cf_Derocalymma_sp,NA,-6.7,0,leth,-32.3,19.1,S,1926,Arthropoda,Insecta,Coleoptera,Blaberidae,cf.Derocalymma,921,Sinclair_2005
cf_Perisphaeria_sp1,NA,-11.3,0,leth,-29.6,29.3,S,3200,Arthropoda,Insecta,Coleoptera,Blaberidae,cf.Perisphaeria,2839,Sinclair_2005
cf_Perisphaeria_sp2,NA,-8.6,0,leth,-32.4,20.5,S,1550,Arthropoda,Insecta,Coleoptera,Blaberidae,cf.Perisphaeria,1571,Sinclair_2005
cf_Perisphaeria_sp3,NA,-7.9,0,leth,-32.3,19.1,S,1926,Arthropoda,Insecta,Coleoptera,Blaberidae,cf.Perisphaeria,921,Sinclair_2005
Calathus_melanocephalus_L,NA,-3.8,0,crit,60.6,7.5,N,1200,Arthropoda,Insecta,Coleoptera,Carabidae,Calathus,1431,Nylund_1991
Colpodes_sp1,NA,-5,0,leth,0.6,-71.2,N,4200,Arthropoda,Insecta,Coleoptera,Carabidae,Colpodes,190,Somme_1986
Colpodes_sp2,NA,-5,0,leth,0.6,-71.2,N,4200,Arthropoda,Insecta,Coleoptera,Carabidae,Colpodes,190,Somme_1986
Pterostichini_sp,NA,-5.1,0,leth,-29.6,29.3,S,3200,Arthropoda,Insecta,Coleoptera,Carabidae,Pterostichini,2839,Sinclair_2005
Chirodica_chalcoptera,41,0.1,crit,crit,-33.6,18.58,S,350,Arthropoda,Insecta,Coleoptera,Chrysomelidae,Chirodica,126,Terblanche_2005
Chrysomela_aeneicollis,39,NA,crit,0,37.18,-118.28,N,3200,Arthropoda,Insecta,Coleoptera,Chrysomelidae,Chrysomela,1617,Neargarder_2003
Melasoma_collaris,NA,-5,0,leth,61.4,8.8,N,1450,Arthropoda,Insecta,Coleoptera,Chrysomelidae,Melasoma,1345,Gehrken_1997
Canthon_humectus_hidalgoensis,NA,-10.5,0,leth,20.4,99.13,N,2016,Arthropoda,Insecta,Coleoptera,Scarabaeidae,Canthon,1000,Verdu_2011
Afrinus_sp,NA,-7.9,0,leth,-32.4,20.5,S,1550,Arthropoda,Insecta,Coleoptera,Tenebrionidae,Afrinus,1571,Sinclair_2005
cf_Planostibes_sp,NA,-7.6,0,leth,-32.4,20.5,S,1550,Arthropoda,Insecta,Coleoptera,Tenebrionidae,cf.Planostibes,1571,Sinclair_2005
cf_Psorodes_sp,NA,-7.1,0,leth,-32.3,19.1,S,1926,Arthropoda,Insecta,Coleoptera,Tenebrionidae,cf.Psorodes,921,Sinclair_2005
cf_Somaticus_sp,NA,-7.8,0,leth,-32.4,20.5,S,1550,Arthropoda,Insecta,Coleoptera,Tenebrionidae,cf.Somaticus,1571,Sinclair_2005
Gonocephalum_simplex,49.5,NA,crit,0,-32.919,18.226,S,0,Arthropoda,Insecta,Coleoptera,Tenebrionidae,Gonocephalum,41,Klok_2004
Stenocara_dentata,NA,-8.9,0,leth,-32.3,19.1,S,1926,Arthropoda,Insecta,Coleoptera,Tenebrionidae,Stenocara,921,Sinclair_2005
Diamesa_sp,NA,-16,0,crit,28.2,85.6,N,5600,Arthropoda,Insecta,Diptera,Chironomidae,Diamesa,4901,Koshima_1984
Glossina_pallidipes,44.4,10.5,leth,crit,-1.7,36.67,S,1691,Arthropoda,Insecta,Diptera,Glossinidae,Glossina,1767,Terblanche_2006
Tetracanthella_afurcata,NA,-7.7,0,crit,47,10.5,N,2700,Arthropoda,Insecta,Entomobryomorpha,Isotomidae,Tetracanthella,2106,Somme_2008
Nysius_wekiuicola,NA,-18,0,leth,20.148,-155.486,N,4200,Arthropoda,Insecta,Hemiptera,Lygaeidae,Nysius,439,Duman_1991
Eurygaster_integriceps_Put,NA,-21.65,0,leth,35.3,51.4,N,2781,Arthropoda,Insecta,Hemiptera,Pentatomidae,Eurygaster,879,Baghdadi_2007
Aphanenogaster_senilis,46,NA,crit,0,41.296,2.09,N,50,Arthropoda,Insecta,Hymenoptera,Formicidae,Aphanenogaster,14,Cerda_2002
Camponotus_cruentatus,48,NA,crit,0,41.296,2.09,N,50,Arthropoda,Insecta,Hymenoptera,Formicidae,Camponotus,14,Cerda_2002
Camponotus_slyvaticus,46,NA,crit,0,41.296,2.09,N,50,Arthropoda,Insecta,Hymenoptera,Formicidae,Camponotus,14,Cerda_2002
Cataglyphis_cursor,50,NA,crit,0,41.296,2.09,N,50,Arthropoda,Insecta,Hymenoptera,Formicidae,Cataglyphis,14,Cerda_2002
Eciton_burchellii,51.3,NA,leth,0,9.6,-82.7,N,37,Arthropoda,Insecta,Hymenoptera,Formicidae,Eciton,168,Meisel_2006
Formica_perpilosa,45.2,5.2,crit,crit,35.65,-106.77,N,1500,Arthropoda,Insecta,Hymenoptera,Formicidae,Formica,1786,Schumacher_1974
Linepithema_humile,40,0.5,crit,crit,-33.8,18.6,S,136,Arthropoda,Insecta,Hymenoptera,Formicidae,Linepithema,100,Jumbam_2008
Melophorus_bagoti,56.7,NA,crit,0,-23.7,133.88,S,608,Arthropoda,Insecta,Hymenoptera,Formicidae,Melophorus,596,Christian_Morton1992
Messor_bouvieri,44,NA,crit,0,41.296,2.09,N,50,Arthropoda,Insecta,Hymenoptera,Formicidae,Messor,14,Cerda_2002
Messor_capitatus,44,NA,crit,0,41.296,2.09,N,50,Arthropoda,Insecta,Hymenoptera,Formicidae,Messor,14,Cerda_2002
Myrmecocystus_depilis,47.4,11.6,crit,crit,36.68,-108.31,N,1191,Arthropoda,Insecta,Hymenoptera,Formicidae,Myrmecocystus,1691,Kay_1978
Myrmecocystus_mexican,44.2,-0.4,crit,crit,36.68,-108.31,N,1191,Arthropoda,Insecta,Hymenoptera,Formicidae,Myrmecocystus,1691,Kay_1978
Myrmecocystus_mimicu,47.7,11.2,crit,crit,36.68,-108.31,N,1191,Arthropoda,Insecta,Hymenoptera,Formicidae,Myrmecocystus,1691,Kay_1978
Myrmecocystus_romainei,46.1,12,crit,crit,36.68,-108.31,N,1191,Arthropoda,Insecta,Hymenoptera,Formicidae,Myrmecocystus,1691,Kay_1978
Pheidole_pallldula,40,NA,crit,0,41.296,2.09,N,50,Arthropoda,Insecta,Hymenoptera,Formicidae,Pheidole,14,Cerda_2002
Plagiolepis_pygmaea,40,NA,crit,0,41.296,2.09,N,50,Arthropoda,Insecta,Hymenoptera,Formicidae,Plagiolepis,14,Cerda_2002
Plagiolepis_pygmaea,48,NA,crit,0,41.296,2.09,N,50,Arthropoda,Insecta,Hymenoptera,Formicidae,Plagiolepis,14,Cerda_2002
Pogonomyrmex_californicus,51.78,NA,crit,0,36.17,-115.14,N,620,Arthropoda,Insecta,Hymenoptera,Formicidae,Pogonomyrmex,620,Lighton_Turner_2004
Pogonomyrmex_rugosus,51.59,NA,crit,0,36.17,-115.14,N,620,Arthropoda,Insecta,Hymenoptera,Formicidae,Pogonomyrmex,620,Lighton_Turner_2004
Proformica_ferreri,50.4,NA,crit,0,37.2,-3.6,N,900,Arthropoda,Insecta,Hymenoptera,Formicidae,Proformica,927,Fernandez_Escudero1998
Proformica_longiseta,51.1,NA,crit,0,37.2,-3.6,N,2400,Arthropoda,Insecta,Hymenoptera,Formicidae,Proformica,927,Fernandez_Escudero1998
Tetromorium_nigerrimum,42,NA,crit,0,41.296,2.09,N,50,Arthropoda,Insecta,Hymenoptera,Formicidae,Tetromorium,14,Cerda_2002
Tetromorium_semilaeve,40,NA,crit,0,41.296,2.09,N,50,Arthropoda,Insecta,Hymenoptera,Formicidae,Tetromorium,14,Cerda_2002
Trachymyrmex_smithi_neomexicanus,36.7,9.7,crit,crit,35.65,-106.77,N,1000,Arthropoda,Insecta,Hymenoptera,Formicidae,Trachymyrmex,1786,Schumacher_1974
Coptotermes_formosanus,45.9,7.2,crit,crit,32.61,-85.48,N,216,Arthropoda,Insecta,Isoptera,Rhinotermitidae,Coptotermes,193,Hu_2004
Reticulitermes_flavipes,44.85,1.6,crit,crit,32.61,-85.48,N,216,Arthropoda,Insecta,Isoptera,Rhinotermitidae,Reticulitermes,193,Hu_2004
Agrotis_sp,NA,-6.2,0,leth,20.148,-155.486,N,4200,Arthropoda,Insecta,Lepidoptera,Noctuidae,Agrotis,439,Duman_1991
Spodoptera_exempta,55.94,11.81,crit,crit,-25.7,28.22,S,1282,Arthropoda,Insecta,Lepidoptera,Noctuidae,Spodoptera,1357,Klok_1998
Eucheira_socialis,NA,-2,0,crit,23.86,-105.27,N,2550,Arthropoda,Insecta,Lepidoptera,Pieridae,Eucheira,2446,Fitzgerald_2000
Apteropanorpa_tasmanica,NA,-7,0,leth,-42.68,146.57,S,1260,Arthropoda,Insecta,Mecoptera,Apteropanorpidae,Apteropanorpa,609,Palmer_2008
Erthemis_simplicicollis,46.5,NA,crit,0,29.6,-82.3,N,55,Arthropoda,Insecta,Odonata,Libellulidae,Erythemis,33,May_1978
Erythemis_credula,45.6,NA,crit,0,9.16,-79.83,N,0,Arthropoda,Insecta,Odonata,Libellulidae,Erythemis,77,May_1978
Erythemis_plebeja,46.8,NA,crit,0,9.16,-79.83,N,0,Arthropoda,Insecta,Odonata,Libellulidae,Erythemis,77,May_1978
Micrathyria_aequalis,45.4,NA,crit,0,9.16,-79.83,N,0,Arthropoda,Insecta,Odonata,Libellulidae,Micrathyria,77,May_1978
Micrathyria_eximia,44.7,NA,crit,0,9.16,-79.83,N,0,Arthropoda,Insecta,Odonata,Libellulidae,Micrathyria,77,May_1978
Micrathyria_ocellata,44.3,NA,crit,0,9.16,-79.83,N,0,Arthropoda,Insecta,Odonata,Libellulidae,Micrathyria,77,May_1978
Pachydiplax_longipennis,45.5,NA,crit,0,29.6,-82.3,N,55,Arthropoda,Insecta,Odonata,Libellulidae,Pachydiplax,33,May_1978
Tauriphila_argo,48.5,NA,crit,0,9.16,-79.83,N,0,Arthropoda,Insecta,Odonata,Libellulidae,Tauriphila,77,May_1978
Tramea_carolina,46.8,NA,crit,0,29.6,-82.3,N,55,Arthropoda,Insecta,Odonata,Libellulidae,Tramea,33,May_1978
Tramea_cophysa,47.6,NA,crit,0,9.16,-79.83,N,0,Arthropoda,Insecta,Odonata,Libellulidae,Tramea,77,May_1978
Tramea_walkeri,46.3,NA,crit,0,9.16,-79.83,N,0,Arthropoda,Insecta,Odonata,Libellulidae,Tramea,77,May_1978
Macromia_taeniolata,44.8,NA,crit,0,29.6,-82.3,N,55,Arthropoda,Insecta,Odonata,Macromiidae,Macromia,33,May_1978
Meridacris_subaptera,NA,-9,0,leth,0.6,-71.2,N,4200,Arthropoda,Insecta,Orthoptera,Acrididae,Meridacris,190,Somme_1986
Taeniopoda_eques,45.2,NA,crit,0,31.91,-109.14,N,1450,Arthropoda,Insecta,Orthoptera,Romaleidae,Taeniopoda,1387,Whitman_1987
Hemidiena_maori,NA,-10,0,leth,-45.1,169.45,S,1200,Arthropoda,Insecta,Orthoptera,Stenopelmatidae,Hemidiena,815,Ramlov_1997
Bufo_alvarius,39.9,2.5,crit,leth,31,-112,N,304.8,Chordata,Amphibia,Anura,Bufonidae,Bufo,553,Brattstrom_1968
Bufo_boreas,36.5,NA,crit,0,34.12,-116.82,N,2743.2,Chordata,Amphibia,Anura,Bufonidae,Bufo,2032,Brattstrom_1968
Bufo_canaliferus,37.3,9.5,crit,leth,14.58,-90.53,N,914.4,Chordata,Amphibia,Anura,Bufonidae,Bufo,1617,Brattstrom_1968
Bufo_canorus,38,-2,crit,leth,37.91,-119.26,N,2743.2,Chordata,Amphibia,Anura,Bufonidae,Bufo,3145,Brattstrom_1968
Bufo_cocifer,NA,2.8,0,leth,9.93,-84.08,N,1219.2,Chordata,Amphibia,Anura,Bufonidae,Bufo,1288,Brattstrom_1968
Bufo_cognatus,41.3,-4,crit,leth,31,-112,N,304.8,Chordata,Amphibia,Anura,Bufonidae,Bufo,553,Brattstrom_1968
Bufo_debilis,40.1,2.5,crit,leth,27,-112,N,304.8,Chordata,Amphibia,Anura,Bufonidae,Bufo,82,Brattstrom_1968
Bufo_exsul,37.1,-4,crit,leth,38.06,-84.45,N,1524,Chordata,Amphibia,Anura,Bufonidae,Bufo,291,Brattstrom_1968
Bufo_haemititicus,37.5,9.5,crit,leth,9.75,-83.75,N,579.12,Chordata,Amphibia,Anura,Bufonidae,Bufo,1433,Brattstrom_1968
Bufo_leutkeni,NA,7.8,0,leth,14,-87,N,304.8,Chordata,Amphibia,Anura,Bufonidae,Bufo,1216,Brattstrom_1968
Bufo_marinus,41.8,11,crit,leth,9.15,-79.85,N,304.8,Chordata,Amphibia,Anura,Bufonidae,Bufo,44,Brattstrom_1968
Bufo_marmoreus,40.2,7.8,crit,leth,16.17,-95.17,N,304.8,Chordata,Amphibia,Anura,Bufonidae,Bufo,109,Brattstrom_1968
Bufo_mazatlanensis,39.9,5,crit,leth,27,-112,N,304.8,Chordata,Amphibia,Anura,Bufonidae,Bufo,82,Brattstrom_1968
Bufo_nelsoni,36.2,NA,crit,0,36.91,-116.76,N,1524,Chordata,Amphibia,Anura,Bufonidae,Bufo,1193,Brattstrom_1968
Bufo_woodhousii_fowleri,41.1,NA,crit,0,41.779,-70.103,N,15,Chordata,Amphibia,Anura,Bufonidae,Bufo,15,Sherman_1970
Eleutherodactylus_fleischmanni,31.4,6,crit,leth,10.03,-83.77,N,1554.48,Chordata,Amphibia,Anura,Craugastoridae,Craugastor,1299,Brattstrom_1968
Dendrobates_auratus,34.8,9.5,crit,leth,9.94,-83,N,304.8,Chordata,Amphibia,Anura,Dendrobatidae,Dendrobates,NA,Brattstrom_1968
Acris_crepitans,NA,-1,0,leth,29.95,-90.08,N,304.8,Chordata,Amphibia,Anura,Hylidae,Acris,2,Brattstrom_1968
Cyclorana_alboguttatus,33.8,NA,crit,0,-20,146.8,S,304.8,Chordata,Amphibia,Anura,Hylidae,Cyclorana,302,Brattstrom_1970
Hyla_alpina,32.9,NA,crit,0,-36.41,148.4,S,1981.2,Chordata,Amphibia,Anura,Hylidae,Hyla,1322,Brattstrom_1970
Hyla_aurea,36.2,NA,crit,0,-38.591,146.099,S,304.8,Chordata,Amphibia,Anura,Hylidae,Hyla,123,Brattstrom_1970
Hyla_bicolor,41.4,NA,crit,0,-17.93,145.92,S,304.8,Chordata,Amphibia,Anura,Hylidae,Hyla,229,Brattstrom_1970
Hyla_caerulea,39.3,NA,crit,0,-20.151,148.246,S,304.8,Chordata,Amphibia,Anura,Hylidae,Hyla,20,Brattstrom_1970
Hyla_chloris,38.3,NA,crit,0,-17.27,145.48,S,731.5,Chordata,Amphibia,Anura,Hylidae,Hyla,896,Brattstrom_1970
Hyla_chrysocelis,NA,2.1,0,crit,32.6,-85.3,N,200,Chordata,Amphibia,Anura,Hylidae,Hyla,188,Layne_1985
Hyla_cinerea,NA,4.7,0,crit,32.6,-85.3,N,200,Chordata,Amphibia,Anura,Hylidae,Hyla,188,Layne_1985
Hyla_citropa,30.7,NA,crit,0,-30.5,152.9,S,1371.6,Chordata,Amphibia,Anura,Hylidae,Hyla,140,Brattstrom_1970
Hyla_ewingi,32.8,NA,crit,0,-30.51,151.62,S,1371.6,Chordata,Amphibia,Anura,Hylidae,Hyla,1016,Brattstrom_1970
Hyla_freycineti,31.3,NA,crit,0,-33.38,151.3,S,304.8,Chordata,Amphibia,Anura,Hylidae,Hyla,110,Brattstrom_1970
Hyla_glauerti,41.6,NA,crit,0,-17.93,145.92,S,304.8,Chordata,Amphibia,Anura,Hylidae,Hyla,229,Brattstrom_1970
Hyla_gracilenta,38.3,NA,crit,0,-17.27,145.48,S,731.5,Chordata,Amphibia,Anura,Hylidae,Hyla,896,Brattstrom_1970
Hyla_gratiosa,NA,5.1,0,crit,32.6,-85.3,N,200,Chordata,Amphibia,Anura,Hylidae,Hyla,188,Layne_1985
Hyla_labialis,38.6,NA,crit,0,4.38,-74.13,N,3050,Chordata,Amphibia,Anura,Hylidae,Hyla,2905,Mahoney_and_Hutchison_1969
Hyla_lesueuri,34.5,NA,crit,0,-37.48,148.17,S,304.8,Chordata,Amphibia,Anura,Hylidae,Hyla,312,Brattstrom_1970
Hyla_peroni,36.2,NA,crit,0,-30.51,151.62,S,731.5,Chordata,Amphibia,Anura,Hylidae,Hyla,1016,Brattstrom_1970
Hyla_phaeota,NA,2.8,0,leth,29.95,-90.08,N,609.6,Chordata,Amphibia,Anura,Hylidae,Hyla,2,Brattstrom_1968
Hyla_phyllochroa,30,NA,crit,0,-37.41,148.2,S,304.8,Chordata,Amphibia,Anura,Hylidae,Hyla,312,Brattstrom_1970
Hyla_regilla,37.7,-1,crit,leth,34.12,-116.82,N,2743.2,Chordata,Amphibia,Anura,Hylidae,Hyla,2032,Brattstrom_1968
Hyla_rothi,39.4,NA,crit,0,-17.93,145.92,S,304.8,Chordata,Amphibia,Anura,Hylidae,Hyla,229,Brattstrom_1970
Hyla_rubella,41.6,NA,crit,0,-17.27,145.48,S,731.5,Chordata,Amphibia,Anura,Hylidae,Hyla,896,Brattstrom_1970
Hyla_squirella,NA,-1,0,leth,29.95,-90.08,N,304.8,Chordata,Amphibia,Anura,Hylidae,Hyla,2,Brattstrom_1968
Hyla_verreauxi,32,NA,crit,0,-37.48,148.17,S,304.8,Chordata,Amphibia,Anura,Hylidae,Hyla,312,Brattstrom_1970
Hyla_walkeri,38.1,-2.2,crit,leth,16.75,-92.63,N,2255.52,Chordata,Amphibia,Anura,Hylidae,Hyla,2370,Brattstrom_1968
Litoria_gracilenta,39,NA,crit,0,-27.5,153,N,5,Chordata,Amphibia,Anura,Hylidae,Litoria,44,Johnson_1972
Phyllomedusa_dacnicolor,28.8,2.5,crit,leth,20.758,-105.28,N,304.8,Chordata,Amphibia,Anura,Hylidae,Phyllomedusa,55,Brattstrom_1968
Pseudacris_triseriata,NA,-3,0,leth,50.23,-99.83,N,1681,Chordata,Amphibia,Anura,Hylidae,Pseudacris,529,MacArthur_1982
Pseudacris_triseriata,38.1,NA,crit,0,40.6,-105.83,N,3040,Chordata,Amphibia,Anura,Hylidae,Pseudacris,3156,Miller_1974
Pternohyla_fodiens,39.5,6.5,crit,leth,27.975,-112.715,N,304.8,Chordata,Amphibia,Anura,Hylidae,Pternohyla,137,Brattstrom_1968
Smilisca_baudini,40.4,5,crit,leth,24.395,-111.418,N,304.8,Chordata,Amphibia,Anura,Hylidae,Smilisca,39,Brattstrom_1968
Tlalocohyla_smithi,42.5,5,crit,leth,21.574,-105.351,N,304.8,Chordata,Amphibia,Anura,Hylidae,Tlalocohyla,6,Brattstrom_1968
Craugastor_fleischmanni,NA,2.5,0,leth,9.93,-84.08,N,1371.6,Chordata,Amphibia,Anura,Leptodactylidae,Craugastor,1288,Brattstrom_1968
Eleutherodactylus_coqui,37.1,7.5,crit,crit,18.31,-65.75,N,700,Chordata,Amphibia,Anura,Leptodactylidae,Eleutherodactylus,267,Christian_1988
Eleutherodactylus_fitzingeri,NA,8,0,leth,9.15,-79.85,N,304.8,Chordata,Amphibia,Anura,Leptodactylidae,Eleutherodactylus,44,Brattstrom_1968
Eleutherodactylus_portoricensus,36.3,7.5,crit,crit,18.31,-65.75,N,500,Chordata,Amphibia,Anura,Leptodactylidae,Eleutherodactylus,267,Christian_1988
Engystomops_pustulosus,NA,6,0,leth,9.15,-79.85,N,304.8,Chordata,Amphibia,Anura,Leptodactylidae,Engystomops,44,Brattstrom_1968
Leptodactylus_melanotus,39.8,5,crit,leth,30,-112,N,304.8,Chordata,Amphibia,Anura,Leptodactylidae,Leptodactylus,692,Brattstrom_1968
Leptodactylus_pentadactylus,NA,6,0,leth,9.15,-79.85,N,304.8,Chordata,Amphibia,Anura,Leptodactylidae,Leptodactylus,44,Brattstrom_1968
Cophixalis_ornatus,33.3,NA,crit,0,-17.82,146,S,304.8,Chordata,Amphibia,Anura,Microhylidae,Cophixalis,41,Brattstrom_1970
Gastrophyrne_mazatlanensis,NA,2.5,0,leth,31,-112,N,304.8,Chordata,Amphibia,Anura,Microhylidae,Gastrophyrne,553,Brattstrom_1968
Hypophacus_sp,NA,2.5,0,leth,31,-112,N,304.8,Chordata,Amphibia,Anura,Microhylidae,Hypophacus,553,Brattstrom_1968
Adelotus_brevis,31.2,NA,crit,0,-33.43,151.35,S,304.8,Chordata,Amphibia,Anura,Myobatrachidae,Adelotus,8,Brattstrom_1970
Crinia_darlingtoni,31,NA,crit,0,-28.28,153.11,S,762,Chordata,Amphibia,Anura,Myobatrachidae,Crinia,520,Brattstrom_1970
Crinia_laevis,33.5,NA,crit,0,-37.5,142.5,S,304.8,Chordata,Amphibia,Anura,Myobatrachidae,Crinia,287,Brattstrom_1970
Crinia_parainsignifera,30.5,NA,crit,0,-31.55,147.2,S,304.8,Chordata,Amphibia,Anura,Myobatrachidae,Crinia,176,Brattstrom_1970
Crinia_signifera,34.9,NA,crit,0,-36.45,148.26,S,1981.2,Chordata,Amphibia,Anura,Myobatrachidae,Crinia,1236,Brattstrom_1970
Crinia_victoriana,29.5,NA,crit,0,-37.84,146.27,S,944.9,Chordata,Amphibia,Anura,Myobatrachidae,Crinia,516,Brattstrom_1970
Limnodynastes_dorsalis,36.5,NA,crit,0,-31.1,150.93,S,609.6,Chordata,Amphibia,Anura,Myobatrachidae,Limnodynastes,529,Brattstrom_1970
Limnodynastes_fletcheri,28.3,NA,crit,0,-31.55,147.2,S,304.8,Chordata,Amphibia,Anura,Myobatrachidae,Limnodynastes,176,Brattstrom_1970
Limnodynastes_peroni,32.7,NA,crit,0,-33.43,151.35,S,304.8,Chordata,Amphibia,Anura,Myobatrachidae,Limnodynastes,8,Brattstrom_1970
Limnodynastes_tasmaniensis,33.4,NA,crit,0,-30.51,151.66,S,1371.6,Chordata,Amphibia,Anura,Myobatrachidae,Limnodynastes,1016,Brattstrom_1970
Myxophyes_fasciolatus,30.5,NA,crit,0,-33.43,151.35,S,304.8,Chordata,Amphibia,Anura,Myobatrachidae,Myxophyes,8,Brattstrom_1970
Neobatrachus_pictus,29.3,NA,crit,0,-31.1,150.93,S,609.6,Chordata,Amphibia,Anura,Myobatrachidae,Neobatrachus,529,Brattstrom_1970
Philoria_frosti,28.8,NA,crit,0,-37.84,146.27,S,944.9,Chordata,Amphibia,Anura,Myobatrachidae,Philoria,516,Brattstrom_1970
Philoria_loveridgei,30.5,NA,crit,0,-28.28,153.11,S,762,Chordata,Amphibia,Anura,Myobatrachidae,Philoria,520,Brattstrom_1970
Philoria_sphagnicola,25.8,NA,crit,0,-30.5,152.9,S,1525,Chordata,Amphibia,Anura,Myobatrachidae,Philoria,140,Brattstrom_1970
Pseudophryne_bibroni,34.8,NA,crit,0,-30.51,151.66,S,1371.6,Chordata,Amphibia,Anura,Myobatrachidae,Pseudophryne,1016,Brattstrom_1970
Pseudophryne_corroboree,35.2,NA,crit,0,-36.39,148.43,S,1828.8,Chordata,Amphibia,Anura,Myobatrachidae,Pseudophryne,1322,Brattstrom_1970
Pseudophryne_dendyi,34.8,NA,crit,0,-30.51,151.66,S,1371.6,Chordata,Amphibia,Anura,Myobatrachidae,Pseudophryne,1016,Brattstrom_1970
Paa_spinosa,42.1,NA,crit,0,24.48,112.63,N,20,Chordata,Amphibia,Anura,Ranidae,Paa,337,Zheng_2010
Rana_boyleri,34,NA,crit,0,39.72,-122.81,N,914.4,Chordata,Amphibia,Anura,Ranidae,Rana,1157,Brattstrom_1968
Rana_cascadae,33.6,-1,crit,leth,40.02,-120.79,N,2133.6,Chordata,Amphibia,Anura,Ranidae,Rana,1543,Brattstrom_1968
Rana_catesbeiana,33.6,NA,crit,0,40.74,-73.95,N,304.8,Chordata,Amphibia,Anura,Ranidae,Rana,16,Brattstrom_1968
Rana_clamitans,35,NA,crit,0,40.74,-73.95,N,304.8,Chordata,Amphibia,Anura,Ranidae,Rana,16,Brattstrom_1968
Rana_palmipes,36.9,-1,crit,leth,9.75,-83.75,N,579.12,Chordata,Amphibia,Anura,Ranidae,Rana,1433,Brattstrom_1968
Rana_palustris,31.3,NA,crit,0,40.74,-73.95,N,304.8,Chordata,Amphibia,Anura,Ranidae,Rana,16,Brattstrom_1968
Rana_pipiens,35.2,-1.6,crit,leth,16.75,-92.63,N,2255.52,Chordata,Amphibia,Anura,Ranidae,Rana,2370,Brattstrom_1968
Rana_pretiosa,34.8,-1,crit,leth,51.2,-121.5,N,609.6,Chordata,Amphibia,Anura,Ranidae,Rana,1022,Brattstrom_1968
Rana_sylvaticus,36,0.5,crit,crit,42.54,-74.14,N,506,Chordata,Amphibia,Anura,Ranidae,Rana,434,Manis_1986
Rana_virgatipes,38,NA,crit,0,40.1,-74.8,N,24,Chordata,Amphibia,Anura,Ranidae,Rana,19,Holzman_1973
Rana_warszewitschii,32.8,4.8,crit,leth,10.03,-83.77,N,1554.48,Chordata,Amphibia,Anura,Ranidae,Rana,1299,Brattstrom_1968
Spea_hammondi,40.3,0,crit,leth,31,-112,N,304.8,Chordata,Amphibia,Anura,Scaphiopodidae,Spea,553,Brattstrom_1968
Spea_holbrooki,34,NA,crit,0,40.74,-73.95,N,304.8,Chordata,Amphibia,Anura,Scaphiopodidae,Spea,16,Brattstrom_1968
Ambystoma_jeffersonianum,34,NA,crit,0,40.23,-76.85,N,422.2,Chordata,Amphibia,Caudata,Ambystomatidae,Ambystoma,138,Gatz_1971
Ambystoma_macrodactylum,34.4,NA,crit,0,45.5,-117.22,N,2470,Chordata,Amphibia,Caudata,Ambystomatidae,Ambystoma,1286,Howard_1983
Ambystoma_maculatum,38.5,NA,crit,0,35.55,-91.62,N,184,Chordata,Amphibia,Caudata,Ambystomatidae,Ambystoma,162,Sealander_1969
Desmognathus_fuscus,35,-2.3,crit,crit,39.74,-84.64,N,300,Chordata,Amphibia,Caudata,Plethodontidae,Desmognathus,303,Layne_1982a
Desmognathus_ochrophaeus,31.5,NA,crit,0,37.4,-80.5,N,1432,Chordata,Amphibia,Caudata,Plethodontidae,Desmognathus,800,Zweifel_1959
Desmognathus_quadramaculatus,31.4,NA,crit,0,37.4,-80.5,N,1158,Chordata,Amphibia,Caudata,Plethodontidae,Desmognathus,800,Zweifel_1959
Diemictylus_viridescens,37.3,NA,crit,0,37.4,-80.5,N,1158,Chordata,Amphibia,Caudata,Plethodontidae,Diemictylus,800,Zweifel_1959
Eurycea_bislineata,35,-2,crit,crit,39.74,-84.64,N,300,Chordata,Amphibia,Caudata,Plethodontidae,Eurycea,303,Layne_1982b
Eurycea_longicauda,37.6,NA,crit,0,36.11,-94.33,N,377,Chordata,Amphibia,Caudata,Plethodontidae,Eurycea,377,Sealander_1969
Eurycea_lucifuga,37.2,NA,crit,0,36.11,-94.33,N,377,Chordata,Amphibia,Caudata,Plethodontidae,Eurycea,377,Sealander_1969
Eurycea_multiplicata,37.5,NA,crit,0,36.1,-90.36,N,426.7,Chordata,Amphibia,Caudata,Plethodontidae,Eurycea,82,Sealander_1969
Eurycea_nana,37.2,NA,crit,0,29.9,-98,N,190,Chordata,Amphibia,Caudata,Plethodontidae,Eurycea,209,Berkhouse_1995
Plethodon_glutinosus,34.5,NA,crit,0,40.78,75.28,N,1100,Chordata,Amphibia,Caudata,Plethodontidae,Plethodon,3606,Elwood_2003
Taricha_torosa,38,NA,leth,0,32.97,-116.74,N,146,Chordata,Amphibia,Caudata,Salamandridae,Taricha,600,McFarland_1955
Laudakia_stellio,44.7,11.9,crit,crit,33.4,35.85,N,1500,Chordata,Reptilia,Squamata,Agamidae,Laudakia,1602,Hertz_1983
Trapelus_savignyi,47.2,12,crit,crit,31.2,34.8,N,330,Chordata,Reptilia,Squamata,Agamidae,Trapelus,265,Hertz_1983
Charina_bottae,38,NA,crit,0,44.58,-123.26,N,70,Chordata,Reptilia,Squamata,Boidae,Charina,104,Brattstrom_1965
Chamaeleo_bitaeniatus,42.2,4.4,crit,crit,-2.06,36.82,S,2000,Chordata,Reptilia,Squamata,Chamaeleonidae,Chamaeleo,1626,Bennett_2004
Chamaeleo_dilepis,43.6,7.6,crit,crit,-2.43,38.02,S,800,Chordata,Reptilia,Squamata,Chamaeleonidae,Chamaeleo,762,Bennett_2004
Chamaeleo_ellioti,41.8,3.5,crit,crit,-0.2,35.1,S,1800,Chordata,Reptilia,Squamata,Chamaeleonidae,Chamaeleo,1471,Bennett_2004
Chamaeleo_hohnelii,40.8,5.1,crit,crit,-1.25,36.55,S,1700,Chordata,Reptilia,Squamata,Chamaeleonidae,Chamaeleo,1873,Bennett_2004
Chamaeleo_jacksonii,40,5.3,crit,crit,-1.25,36.55,S,1700,Chordata,Reptilia,Squamata,Chamaeleonidae,Chamaeleo,1873,Bennett_2004
Chamaeleo_schubotzi,41.6,1.4,crit,crit,-0.16,37.33,S,3300,Chordata,Reptilia,Squamata,Chamaeleonidae,Chamaeleo,3306,Bennett_2004
Thamnophis_ordinoides,38.3,3.8,crit,crit,45.5,-122.5,N,200,Chordata,Reptilia,Squamata,Colubridae,Thamnophis,175,Stewart_1965
Thamnophis_sirtalis_concinnus,39.2,3.4,crit,crit,45.5,-122.5,N,200,Chordata,Reptilia,Squamata,Colubridae,Thamnophis,175,Stewart_1965
Platysaurus_intermedius_wilhelmi,44.8,8.9,crit,crit,-24.58,31.18,S,640,Chordata,Reptilia,Squamata,Cordylidae,Platysaurus,503,Lailvaux_2003
Pseudocordylus_melanotus-melanotus,NA,10.17,0,crit,-26.47,28.23,S,1500,Chordata,Reptilia,Squamata,Cordylidae,Pseudocordylus,1570,McConnachie_2007
Hemachatus_haemachatus,43.1,3.7,crit,crit,-26.14,28.25,S,1600,Chordata,Reptilia,Squamata,Elapidae,Hemachatus,1618,Alexander_1999
Hoplodactylus_maculatus,NA,1.2,0,crit,-45.45,170.4,S,523,Chordata,Reptilia,Squamata,Gekkonidae,Hoplodactylus,510,Beeson_2007
Sphaerodactylus_gaigeae,38.2,NA,crit,0,18.1,-65.9,N,453,Chordata,Reptilia,Squamata,Gekkonidae,Sphaerodactylus,201,lvarez_1992
Sphaerodactylus_klauberi,36.3,NA,crit,0,18.1,-66,N,750,Chordata,Reptilia,Squamata,Gekkonidae,Sphaerodactylus,201,lvarez_1992
Sphaerodactylus_macrolepis,39.5,NA,crit,0,18,-66.9,N,453,Chordata,Reptilia,Squamata,Gekkonidae,Sphaerodactylus,55,lvarez_1992
Sphaerodactylus_nicholsi,40.5,NA,crit,0,18,-66.9,N,0,Chordata,Reptilia,Squamata,Gekkonidae,Sphaerodactylus,55,lvarez_1992
Sphaerodactylus_roosevelti,39.5,NA,crit,0,18,-66.9,N,0,Chordata,Reptilia,Squamata,Gekkonidae,Sphaerodactylus,55,lvarez_1992
Tarentola_boettgeri,41.6,5.3,crit,crit,27.929,-15.508,N,1550,Chordata,Reptilia,Squamata,Gekkonidae,Tarentola,632,Brown_1996
Uta_stansburiana,43.7,7.8,crit,crit,40.56,-105.59,N,1658,Chordata,Reptilia,Squamata,Iguania,Uta,2954,Waldschmidt_1983
Eremias_argus,43,8,crit,crit,36.1,111.5,N,467,Chordata,Reptilia,Squamata,Lacertidae,Eremias,493,Li_2009
Eremias_brenchleyi,40.8,5.1,crit,crit,33.6,117.02,N,4,Chordata,Reptilia,Squamata,Lacertidae,Eremias,35,Xu_2006
Eremias_multiocellata,41,9,crit,crit,41.4,106.9,N,1000,Chordata,Reptilia,Squamata,Lacertidae,Eremias,1750,Li_2009
Takydromus_formosanus,NA,4.5,0,crit,25.122,121.3,N,1500,Chordata,Reptilia,Squamata,Lacertidae,Takydromus,60,Huang_2008
Takydromus_formosanus,43.7,NA,crit,0,25.04,121.53,N,0,Chordata,Reptilia,Squamata,Lacertidae,Takydromus,171,Huang_2008
Takydromus_hsuehshanensis,NA,2,0,crit,23.91,120.66,N,2000,Chordata,Reptilia,Squamata,Lacertidae,Takydromus,103,Huang_2008
Takydromus_hsuehshanensis,44.1,NA,crit,0,24.1,121.3,N,2900,Chordata,Reptilia,Squamata,Lacertidae,Takydromus,2188,Huang_2008
Takydromus_septentrionalis,44.5,4.9,crit,crit,29.868,122.017,N,0,Chordata,Reptilia,Squamata,Lacertidae,Takydromus,55,Yang_2008
Takydromus_sexlineatus,43.2,6.4,crit,crit,24.7,113.6,N,28,Chordata,Reptilia,Squamata,Lacertidae,Takydromus,97,Zhang_2004
Takydromus_stejnegeri,NA,5,0,crit,25.122,121.3,N,1000,Chordata,Reptilia,Squamata,Lacertidae,Takydromus,60,Huang_2008
Takydromus_stejnegeri,43.2,NA,crit,0,25.04,121.53,N,0,Chordata,Reptilia,Squamata,Lacertidae,Takydromus,171,Huang_2008
Zootoca_vivipara,44.1,2.2,crit,crit,50.03,17.2,N,1450,Chordata,Reptilia,Squamata,Lacertidae,Zootoca,980,Gvo_dk_2001
Phrynosoma_cornutum,47.91,9.46,crit,crit,32.27,-106.75,N,1100,Chordata,Reptilia,Squamata,Phrynosomatidae,Phrynosoma,1221,Prieto_1971
Phrynosoma_douglassii,43.5,2.75,crit,crit,32.87,-105.81,N,2600,Chordata,Reptilia,Squamata,Phrynosomatidae,Phrynosoma,2571,Prieto_1971
Sceloporus_graciosus,44.7,4.8,crit,crit,33.95,-117.45,N,230,Chordata,Reptilia,Squamata,Phrynosomatidae,Sceloporus,317,van_Berkum_1989
Sceloporus_jarrovi,NA,-3.7,0,leth,31.93,-109.38,N,2377,Chordata,Reptilia,Squamata,Phrynosomatidae,Sceloporus,1701,Halpern_1980
Sceloporus_malachiticus,42.8,9.7,crit,crit,10.155,-85.7,N,1400,Chordata,Reptilia,Squamata,Phrynosomatidae,Sceloporus,121,van_Berkum_1988
Sceloporus_occidentalis,44.1,4.8,crit,crit,33.95,-117.45,N,1300,Chordata,Reptilia,Squamata,Phrynosomatidae,Sceloporus,317,van_Berkum_1988
Sceloporus_undulatus,40.4,11.4,crit,crit,33.34,-81.73,N,200,Chordata,Reptilia,Squamata,Phrynosomatidae,Sceloporus,108,Angilletta_2002b
Sceloporus_variabilis,43.1,10.2,crit,crit,10.154,-85.628,N,0,Chordata,Reptilia,Squamata,Phrynosomatidae,Sceloporus,380,van_Berkum_1988
Urosaurus_ornatus,43.3,NA,crit,0,31.86,-109.15,N,1690,Chordata,Reptilia,Squamata,Phrynosomatidae,Urosaurus,1387,Smith_1994
Anolis_carolinensis,41.3,9.8,crit,crit,29.95,-90.08,N,8,Chordata,Reptilia,Squamata,Polychrotidae,Anolis,2,Lailvaux_2007
Anolis_cooki,38.9,NA,crit,0,18,-66.9,N,0,Chordata,Reptilia,Squamata,Polychrotidae,Anolis,55,Huey_1976
Anolis_cristatellus,38.1,NA,crit,0,18.241,-66.135,N,350,Chordata,Reptilia,Squamata,Polychrotidae,Anolis,226,Huey_1976
Anolis_cupreus,38.4,11.8,crit,crit,10.154,-85.628,N,10,Chordata,Reptilia,Squamata,Polychrotidae,Anolis,380,van_Berkum_1988
Anolis_cybotes,39,NA,crit,0,19.2,-70.6,N,1150,Chordata,Reptilia,Squamata,Polychrotidae,Anolis,288,Hertz_Huey_1981
Anolis_gundlachi,35.7,NA,crit,0,18.241,-66.135,N,350,Chordata,Reptilia,Squamata,Polychrotidae,Anolis,226,Huey_1976
Anolis_humilis,35.6,12.4,crit,crit,10.45,-84.02,N,50,Chordata,Reptilia,Squamata,Polychrotidae,Anolis,171,van_Berkum_1988
Anolis_intermedius,38.4,11.1,crit,crit,10.154,-85.628,N,1450,Chordata,Reptilia,Squamata,Polychrotidae,Anolis,380,van_Berkum_1988
Anolis_lemurinus,37.3,12.9,crit,crit,10.45,-84.02,N,50,Chordata,Reptilia,Squamata,Polychrotidae,Anolis,171,van_Berkum_1988
Anolis_limifrons,36.8,12.3,crit,crit,10.45,-84.02,N,50,Chordata,Reptilia,Squamata,Polychrotidae,Anolis,171,van_Berkum_1988
Anolis_lionotus,36.7,14.7,crit,crit,10.45,-84.02,N,50,Chordata,Reptilia,Squamata,Polychrotidae,Anolis,171,van_Berkum_1988
Anolis_shrevei,40.1,NA,crit,0,18.8,-70.7,N,2200,Chordata,Reptilia,Squamata,Polychrotidae,Anolis,1555,Hertz_Huey_1981
Anolis_tropidolepis,33.1,9.5,crit,crit,10.154,-85.628,N,1500,Chordata,Reptilia,Squamata,Polychrotidae,Anolis,380,van_Berkum_1988
Ctenotus_regius,45.1,8.7,crit,crit,-34.18,139.99,S,49.6,Chordata,Reptilia,Squamata,Scincidae,Ctenotus,48,Bennett_1986
Ctenotus_taeniolatus,44.7,11.4,crit,crit,-34.57,139.57,S,0,Chordata,Reptilia,Squamata,Scincidae,Ctenotus,32,Bennett_1986
Ctenotus_uber,45.5,9.1,crit,crit,-34.57,139.57,S,0,Chordata,Reptilia,Squamata,Scincidae,Ctenotus,32,Bennett_1986
Egernia_striola,44.2,6.1,crit,crit,-34.57,139.57,S,0,Chordata,Reptilia,Squamata,Scincidae,Egernia,32,Bennett_1986
Eremiascincus_fasciolatus,41.2,9,crit,crit,-27.75,140.72,S,42,Chordata,Reptilia,Squamata,Scincidae,Eremiascincus,44,Bennett_1986
Eremiascincus_richardsoni,42,7.3,crit,crit,-34.57,139.57,S,0,Chordata,Reptilia,Squamata,Scincidae,Eremiascincus,32,Bennett_1986
Eumeces_elegans,41.9,9.3,crit,crit,30.2,120.2,N,18,Chordata,Reptilia,Squamata,Scincidae,Eumeces,12,Du_2000
Oligosoma_maccanni,NA,3.3,0,crit,-45.45,170.4,S,523,Chordata,Reptilia,Squamata,Scincidae,Oligosoma,510,Beeson_2007
Plestiodon_gilberti,42.3,7.7,crit,crit,37,-119,N,600,Chordata,Reptilia,Squamata,Scincidae,Plestiodon,2038,Youssef_2008
Sphenomorphus_incognitus,41.5,11.6,crit,crit,22.121,120.958,N,0,Chordata,Reptilia,Squamata,Scincidae,Sphenomorphus,195,Huang_2006
Sphenomorphus_taiwanensis,38.4,5.8,crit,crit,24.1,121.3,N,2700,Chordata,Reptilia,Squamata,Scincidae,Sphenomorphus,2188,Huang_2006
Ameiva_festiva,43.7,15.5,crit,crit,10.45,-84.02,N,50,Chordata,Reptilia,Squamata,Teiidae,Ameiva,171,van_Berkum_1988
Cnemidophorus_tigris,45.1,10.5,crit,crit,42.83,-116.02,N,300,Chordata,Reptilia,Squamata,Teiidae,Cnemidophorus,1119,van_Berkum_1988
Liolaemus_abaucan,47.3,15.41,crit,crit,-27.2499,-67.42391,S,1550,Chordata,Reptilia,Squamata,Tropiduridae,Liolaemus,2958,Cruz_2005
Liolaemus_albiceps,44.33,7.05,crit,crit,-24.31723333,-66.15191667,S,3500,Chordata,Reptilia,Squamata,Tropiduridae,Liolaemus,3961,Cruz_2005
Liolaemus_altissimus,NA,3.99,0,crit,-33.4,-70.8,S,2850,Chordata,Reptilia,Squamata,Tropiduridae,Liolaemus,476,Carothers_1997
Liolaemus_bibronii,44.53,8.49,crit,crit,-44.03521,-68.36099,S,1500,Chordata,Reptilia,Squamata,Tropiduridae,Liolaemus,502,Cruz_2005
Liolaemus_boulengeri,43.99,9.4,crit,crit,-42.3947,-64.59311,S,1000,Chordata,Reptilia,Squamata,Tropiduridae,Liolaemus,41,Cruz_2005
Liolaemus_canqueli,44.6,6.99,crit,crit,-44.03771,-68.35657,S,900,Chordata,Reptilia,Squamata,Tropiduridae,Liolaemus,502,Cruz_2005
Liolaemus_capillitas,43.7,7.47,crit,crit,-29.73333333,-67.75,S,3300,Chordata,Reptilia,Squamata,Tropiduridae,Liolaemus,1686,Cruz_2005
Liolaemus_cf_elongatus,45.1,7.68,crit,crit,-41.88333333,-69.36666667,S,1850,Chordata,Reptilia,Squamata,Tropiduridae,Liolaemus,1275,Cruz_2005
Liolaemus_cf_telsen,44.6,8.98,crit,crit,-42.3947,-64.59311,S,400,Chordata,Reptilia,Squamata,Tropiduridae,Liolaemus,41,Cruz_2005
Liolaemus_chacoensis,44.1,14.9,crit,crit,-28.8017,-66.93978333,S,700,Chordata,Reptilia,Squamata,Tropiduridae,Liolaemus,1408,Cruz_2005
Liolaemus_chiliensis,NA,3.68,0,crit,-33.4,-70.8,S,1500,Chordata,Reptilia,Squamata,Tropiduridae,Liolaemus,476,Carothers_1997
Liolaemus_constanzae,NA,7.9,0,crit,-26.46,-68.14,S,2400,Chordata,Reptilia,Squamata,Tropiduridae,Liolaemus,3962,Labra_2001
Liolaemus_cuyanus,45.7,12,crit,crit,-28.18,-67.11,S,1200,Chordata,Reptilia,Squamata,Tropiduridae,Liolaemus,981,Cruz_2005
Liolaemus_darwinii,44.68,10.11,crit,crit,-29.51,-67.57,S,1900,Chordata,Reptilia,Squamata,Tropiduridae,Liolaemus,2064,Cruz_2005
Liolaemus_fabiani,NA,11.33,0,crit,-26.46,-68.14,S,2400,Chordata,Reptilia,Squamata,Tropiduridae,Liolaemus,3962,Labra_2001
Liolaemus_fitzingerii,44.45,8.24,crit,crit,-43.48536,-65.46557,S,550,Chordata,Reptilia,Squamata,Tropiduridae,Liolaemus,167,Cruz_2005
Liolaemus_fuscus,NA,3.9,0,crit,-33.4,-70.8,S,1200,Chordata,Reptilia,Squamata,Tropiduridae,Liolaemus,476,Carothers_1997
Liolaemus_irregularis,44.98,6.96,crit,crit,-24.25133333,-66.352,S,4030,Chordata,Reptilia,Squamata,Tropiduridae,Liolaemus,4338,Cruz_2005
Liolaemus_kingii,44.5,7.01,crit,crit,-45.41,-67.56,S,500,Chordata,Reptilia,Squamata,Tropiduridae,Liolaemus,470,Cruz_2005
Liolaemus_koslowskyi,46.1,13.22,crit,crit,-28.48102,-66.56387,S,1825,Chordata,Reptilia,Squamata,Tropiduridae,Liolaemus,685,Cruz_2005
Liolaemus_kriegi,43.67,7.6,crit,crit,-42.07833333,-69.51715,S,1525,Chordata,Reptilia,Squamata,Tropiduridae,Liolaemus,1070,Cruz_2005
Liolaemus_laurenti,46.18,12.2,crit,crit,-30.1226,-67.4013,S,950,Chordata,Reptilia,Squamata,Tropiduridae,Liolaemus,1211,Cruz_2005
Liolaemus_lemniscatus,NA,5.95,0,crit,-33.4,-70.8,S,1200,Chordata,Reptilia,Squamata,Tropiduridae,Liolaemus,476,Carothers_1997
Liolaemus_leopardinus,NA,3.3,0,crit,-33.4,-70.8,S,2850,Chordata,Reptilia,Squamata,Tropiduridae,Liolaemus,476,Carothers_1997
Liolaemus_melanops,44.94,5.65,crit,crit,-42.26993,-64.0754,S,1485,Chordata,Reptilia,Squamata,Tropiduridae,Liolaemus,33,Cruz_2005
Liolaemus_monticola,NA,4.54,0,crit,-33.4,-70.8,S,2200,Chordata,Reptilia,Squamata,Tropiduridae,Liolaemus,476,Carothers_1997
Liolaemus_multicolor,44.7,8.06,crit,crit,-24.30526667,-66.15116667,S,0,Chordata,Reptilia,Squamata,Tropiduridae,Liolaemus,3961,Cruz_2005
Liolaemus_multimaculatus,43.83,8.93,crit,crit,-38.54,-58.55266667,S,500,Chordata,Reptilia,Squamata,Tropiduridae,Liolaemus,31,Cruz_2005
Liolaemus_nigroroseus,NA,11.6,0,crit,-26.46,-68.14,S,2400,Chordata,Reptilia,Squamata,Tropiduridae,Liolaemus,3962,Labra_2001
Liolaemus_nigroviridis,NA,2.63,0,crit,-33.4,-70.8,S,2675,Chordata,Reptilia,Squamata,Tropiduridae,Liolaemus,476,Carothers_1997
Liolaemus_nitidus,NA,3.6,0,crit,-33.4,-70.8,S,2200,Chordata,Reptilia,Squamata,Tropiduridae,Liolaemus,476,Carothers_1997
Liolaemus_olongasta,44.58,11.85,crit,crit,-29.81666667,-67.95,S,1400,Chordata,Reptilia,Squamata,Tropiduridae,Liolaemus,1351,Cruz_2005
Liolaemus_petrophilus,45.23,7.31,crit,crit,-42.2606,-68.4115,S,1250,Chordata,Reptilia,Squamata,Tropiduridae,Liolaemus,1193,Cruz_2005
Liolaemus_poecilochromus,44.16,9.35,crit,crit,-27.52333333,-68.12583333,S,3950,Chordata,Reptilia,Squamata,Tropiduridae,Liolaemus,3808,Cruz_2005
Liolaemus_pseudoanomalus,45.93,12.19,crit,crit,-28.8017,-66.93978333,S,1355,Chordata,Reptilia,Squamata,Tropiduridae,Liolaemus,1408,Cruz_2005
Liolaemus_quilmes,44.69,8.46,crit,crit,-26.5936,-66.1649,S,2300,Chordata,Reptilia,Squamata,Tropiduridae,Liolaemus,2335,Cruz_2005
Liolaemus_riojanus,45.2,10.7,crit,crit,-30.20433333,-67.66883333,S,750,Chordata,Reptilia,Squamata,Tropiduridae,Liolaemus,1393,Cruz_2005
Liolaemus_robertmertensi,43,14.07,crit,crit,-28.80833333,-66.74216667,S,1645,Chordata,Reptilia,Squamata,Tropiduridae,Liolaemus,937,Cruz_2005
Liolaemus_rothi,43.8,5.5,crit,crit,-40.2863,-68.45448333,S,1050,Chordata,Reptilia,Squamata,Tropiduridae,Liolaemus,1036,Cruz_2005
Liolaemus_salinicola,48.21,14.2,crit,crit,-27.47616667,-67.64016667,S,1025,Chordata,Reptilia,Squamata,Tropiduridae,Liolaemus,1734,Cruz_2005
Liolaemus_scapularis,45.57,9.39,crit,crit,-26.5936,-66.1649,S,1550,Chordata,Reptilia,Squamata,Tropiduridae,Liolaemus,2335,Cruz_2005
Liolaemus_schroederi,NA,5.4,0,crit,-33.4,-70.8,S,2350,Chordata,Reptilia,Squamata,Tropiduridae,Liolaemus,476,Carothers_1997
Liolaemus_scrocchi,43.91,8.83,crit,crit,-24.13516667,-66.67433333,S,3900,Chordata,Reptilia,Squamata,Tropiduridae,Liolaemus,4207,Cruz_2005
Liolaemus_sp_1,45,7.3,crit,crit,-37.3963,-67.1124,S,1200,Chordata,Reptilia,Squamata,Tropiduridae,Liolaemus,240,Cruz_2005
Liolaemus_sp_2,44.7,8.1,crit,crit,-40.44288333,-68.3728,S,200,Chordata,Reptilia,Squamata,Tropiduridae,Liolaemus,1101,Cruz_2005
Liolaemus_sp_3,43.85,9.67,crit,crit,-24.30526667,-66.15116667,S,3350,Chordata,Reptilia,Squamata,Tropiduridae,Liolaemus,3961,Cruz_2005
Liolaemus_tenuis,NA,4.16,0,crit,-33.4,-70.8,S,1500,Chordata,Reptilia,Squamata,Tropiduridae,Liolaemus,476,Carothers_1997
Liolaemus_xanthoviridis,44.48,7.86,crit,crit,-43.73838333,-65.5761,S,50,Chordata,Reptilia,Squamata,Tropiduridae,Liolaemus,250,Cruz_2005
Phymaturus_patagonicus,39.9,9.8,crit,crit,-41.2,-71,S,900,Chordata,Reptilia,Squamata,Tropiduridae,Phymaturus,1144,Ibarguengoyt_a_2005
Protobothrops_mucrosquamatus,38.6,3.5,crit,crit,25.03,121.5,N,0,Chordata,Reptilia,Squamata,Viperidae,Protobothrops,171,Huang_2007b
Trimeresurus_gracilis,38.3,3.7,crit,crit,23.9,120.7,N,2000,Chordata,Reptilia,Squamata,Viperidae,Trimeresurus,345,Huang_2007b
Trimeresurus_stejnegeri_stejnegeri,38.9,5.6,crit,crit,25.03,121.5,N,0,Chordata,Reptilia,Squamata,Viperidae,Trimeresurus,171,Huang_2007b
Lepidophyma_flavimaculatum,38,11.3,crit,crit,10.45,-84.02,N,50,Chordata,Reptilia,Squamata,Xantusiidae,Lepidophyma,171,van_Berkum_1988
Xantusia_riversiana,39,6.6,crit,crit,33.647,-117.739,N,250,Chordata,Reptilia,Squamata,Xantusiidae,Xantusia,125,Mautz_1992
Xantusia_vigilis,41.6,6.9,crit,crit,33.95,-117.45,N,2000,Chordata,Reptilia,Squamata,Xantusiidae,Xantusia,317,van_Berkum_1988
